keyword,baseline,now,delta,url,blog_hit,top3
tandartspraktijk zuyderhoven,1,1,0,https://www.tpzuyderhoven.nl/,False,www.tpzuyderhoven.nl | www.tandarts.nl | companyinfo.nl
tandarts amstelveen,,,no change,,False,aemstelgroep.nl | www.tandartsenpraktijkcarmenlaan.nl | www.tandartspraktijkmiddenhoven.nl
tandarts aalsmeer,,,no change,,False,tpaalsmeer.nl | www.tandartsbekir.nl | www.tandartsvliegenthart.nl
tandarts uithoorn,,,no change,,False,www.tandartsenpraktijkuithoorn.nl | mondzorg-uithoorn.nl | tandartspraktijkzijdelwaard.nl
tandarts kudelstaart,,,no change,,False,www.mondzorgkudelstaart.nl | www.tandarts.nl | www.zorgkaartnederland.nl
tandarts de kwakel,,,no change,,False,www.tandartsenpraktijkdekwakel.nl | www.uithoornhelpt.nl | www.tandarts.nl
tanden bleken amstelveen,,,no change,,False,diamondssmile.nl | www.tandartsenpraktijkcarmenlaan.nl | www.treatwell.nl
tanden bleken aalsmeer,,,no change,,False,www.tandartsbekir.nl | dentalcareaalsmeer.nl | www.tandartsbekir.nl
airflow gebitsreiniging amstelveen,,,no change,,False,www.mondzorgglory.nl | midtandartsen.nl | implantologieamsterdam.nl
airflow amstelveen,,,no change,,False,www.airflow.nl | lb.kompass.com | transfirm.nl
gebitsreiniging amstelveen,,,no change,,False,www.tandartsenpraktijkcarmenlaan.nl | amstelveen-mondhygiene.nl | www.gebitszorg.nl
gebitsreiniging aalsmeer,,,no change,,False,www.tandartsbekir.nl | tpaalsmeer.nl | dentalcareaalsmeer.nl
mondhygienist amstelveen,,,no change,,False,mondhygiene-amstelveen.nl | amstelveen-mondhygiene.nl | www.zorgkaartnederland.nl
spoedtandarts amstelveen,,,no change,,False,tandartsspoedpraktijk.nl | www.tandartsenpraktijkcarmenlaan.nl | www.spoedtandarts.org
tandarts spoed amstelveen,,,no change,,False,tandartsspoedpraktijk.nl | www.tandartspraktijkmiddenhoven.nl | www.tandartsnouwen.nl
tandarts avond amstelveen,,,no change,,False,tandartsspoedpraktijk.nl | www.tandartsenpraktijkcarmenlaan.nl | www.roetink.nl
tandarts zaterdag amstelveen,,,no change,,False,www.ahtandartsen.nl | www.spoedtandarts.org | tandartsspoedpraktijk.nl
tandarts weekend amstelveen,,,no change,,False,www.tandartsenpraktijkcarmenlaan.nl | tandartsspoedpraktijk.nl | www.tandartspraktijkmiddenhoven.nl
implantaat tandarts amstelveen,,,no change,,False,www.tc-ouderamstel.nl | aemstelgroep.nl | cipaveen.nl
kindertandarts amstelveen,,,no change,,False,www.tandartspraktijkrembrandt.nl | www.ahtandartsen.nl | aemstelgroep.nl
